Method,Job,AnalyzeLaunchVariance,EvaluateOverhead,MaxAbsoluteError,MaxRelativeError,MinInvokeCount,MinIterationTime,OutlierMode,Affinity,EnvironmentVariables,Jit,LargeAddressAware,Platform,PowerPlanMode,Runtime,AllowVeryLargeObjects,Concurrent,CpuGroups,Force,HeapAffinitizeMask,HeapCount,NoAffinitize,RetainVm,Server,Arguments,BuildConfiguration,Clock,EngineFactory,NuGetReferences,Toolchain,IsMutator,InvocationCount,IterationCount,IterationTime,LaunchCount,MaxIterationCount,MaxWarmupIterationCount,MemoryRandomization,MinIterationCount,MinWarmupIterationCount,RunStrategy,UnrollFactor,WarmupCount,FftSize,UniqueBinCount,Mean,Error,StdDev,Ratio,RatioSD,Allocated,Alloc Ratio
FftwAndGather,ShortRun,False,Default,Default,Default,Default,Default,Default,111111111111,Empty,RyuJit,Default,X64,8c5e7fda-e8bf-4a96-9a85-a6e23a8c635c,.NET 10.0,False,True,False,True,Default,Default,False,False,False,Default,Default,Default,Default,Default,Default,Default,Default,3,Default,1,Default,Default,Default,Default,Default,Default,16,3,64,1,35.38 ns,2.125 ns,0.116 ns,1.00,0.00,0 B,NA
DirectScalar,ShortRun,False,Default,Default,Default,Default,Default,Default,111111111111,Empty,RyuJit,Default,X64,8c5e7fda-e8bf-4a96-9a85-a6e23a8c635c,.NET 10.0,False,True,False,True,Default,Default,False,False,False,Default,Default,Default,Default,Default,Default,Default,Default,3,Default,1,Default,Default,Default,Default,Default,Default,16,3,64,1,44.41 ns,2.760 ns,0.151 ns,1.26,0.01,0 B,NA
DirectAvx2,ShortRun,False,Default,Default,Default,Default,Default,Default,111111111111,Empty,RyuJit,Default,X64,8c5e7fda-e8bf-4a96-9a85-a6e23a8c635c,.NET 10.0,False,True,False,True,Default,Default,False,False,False,Default,Default,Default,Default,Default,Default,Default,Default,3,Default,1,Default,Default,Default,Default,Default,Default,16,3,64,1,12.11 ns,0.440 ns,0.024 ns,0.34,0.00,0 B,NA
DirectAvx512,ShortRun,False,Default,Default,Default,Default,Default,Default,111111111111,Empty,RyuJit,Default,X64,8c5e7fda-e8bf-4a96-9a85-a6e23a8c635c,.NET 10.0,False,True,False,True,Default,Default,False,False,False,Default,Default,Default,Default,Default,Default,Default,Default,3,Default,1,Default,Default,Default,Default,Default,Default,16,3,64,1,11.96 ns,0.667 ns,0.037 ns,0.34,0.00,0 B,NA
FftwAndGather,ShortRun,False,Default,Default,Default,Default,Default,Default,111111111111,Empty,RyuJit,Default,X64,8c5e7fda-e8bf-4a96-9a85-a6e23a8c635c,.NET 10.0,False,True,False,True,Default,Default,False,False,False,Default,Default,Default,Default,Default,Default,Default,Default,3,Default,1,Default,Default,Default,Default,Default,Default,16,3,64,4,40.00 ns,2.191 ns,0.120 ns,1.00,0.00,0 B,NA
DirectScalar,ShortRun,False,Default,Default,Default,Default,Default,Default,111111111111,Empty,RyuJit,Default,X64,8c5e7fda-e8bf-4a96-9a85-a6e23a8c635c,.NET 10.0,False,True,False,True,Default,Default,False,False,False,Default,Default,Default,Default,Default,Default,Default,Default,3,Default,1,Default,Default,Default,Default,Default,Default,16,3,64,4,176.23 ns,17.714 ns,0.971 ns,4.41,0.02,0 B,NA
DirectAvx2,ShortRun,False,Default,Default,Default,Default,Default,Default,111111111111,Empty,RyuJit,Default,X64,8c5e7fda-e8bf-4a96-9a85-a6e23a8c635c,.NET 10.0,False,True,False,True,Default,Default,False,False,False,Default,Default,Default,Default,Default,Default,Default,Default,3,Default,1,Default,Default,Default,Default,Default,Default,16,3,64,4,49.35 ns,1.041 ns,0.057 ns,1.23,0.00,0 B,NA
DirectAvx512,ShortRun,False,Default,Default,Default,Default,Default,Default,111111111111,Empty,RyuJit,Default,X64,8c5e7fda-e8bf-4a96-9a85-a6e23a8c635c,.NET 10.0,False,True,False,True,Default,Default,False,False,False,Default,Default,Default,Default,Default,Default,Default,Default,3,Default,1,Default,Default,Default,Default,Default,Default,16,3,64,4,48.07 ns,3.318 ns,0.182 ns,1.20,0.01,0 B,NA
FftwAndGather,ShortRun,False,Default,Default,Default,Default,Default,Default,111111111111,Empty,RyuJit,Default,X64,8c5e7fda-e8bf-4a96-9a85-a6e23a8c635c,.NET 10.0,False,True,False,True,Default,Default,False,False,False,Default,Default,Default,Default,Default,Default,Default,Default,3,Default,1,Default,Default,Default,Default,Default,Default,16,3,64,8,39.87 ns,7.913 ns,0.434 ns,1.00,0.01,0 B,NA
DirectScalar,ShortRun,False,Default,Default,Default,Default,Default,Default,111111111111,Empty,RyuJit,Default,X64,8c5e7fda-e8bf-4a96-9a85-a6e23a8c635c,.NET 10.0,False,True,False,True,Default,Default,False,False,False,Default,Default,Default,Default,Default,Default,Default,Default,3,Default,1,Default,Default,Default,Default,Default,Default,16,3,64,8,352.54 ns,9.939 ns,0.545 ns,8.84,0.08,0 B,NA
DirectAvx2,ShortRun,False,Default,Default,Default,Default,Default,Default,111111111111,Empty,RyuJit,Default,X64,8c5e7fda-e8bf-4a96-9a85-a6e23a8c635c,.NET 10.0,False,True,False,True,Default,Default,False,False,False,Default,Default,Default,Default,Default,Default,Default,Default,3,Default,1,Default,Default,Default,Default,Default,Default,16,3,64,8,98.08 ns,5.632 ns,0.309 ns,2.46,0.02,0 B,NA
DirectAvx512,ShortRun,False,Default,Default,Default,Default,Default,Default,111111111111,Empty,RyuJit,Default,X64,8c5e7fda-e8bf-4a96-9a85-a6e23a8c635c,.NET 10.0,False,True,False,True,Default,Default,False,False,False,Default,Default,Default,Default,Default,Default,Default,Default,3,Default,1,Default,Default,Default,Default,Default,Default,16,3,64,8,107.39 ns,8.387 ns,0.460 ns,2.69,0.03,0 B,NA
FftwAndGather,ShortRun,False,Default,Default,Default,Default,Default,Default,111111111111,Empty,RyuJit,Default,X64,8c5e7fda-e8bf-4a96-9a85-a6e23a8c635c,.NET 10.0,False,True,False,True,Default,Default,False,False,False,Default,Default,Default,Default,Default,Default,Default,Default,3,Default,1,Default,Default,Default,Default,Default,Default,16,3,512,1,363.26 ns,14.025 ns,0.769 ns,1.00,0.00,0 B,NA
DirectScalar,ShortRun,False,Default,Default,Default,Default,Default,Default,111111111111,Empty,RyuJit,Default,X64,8c5e7fda-e8bf-4a96-9a85-a6e23a8c635c,.NET 10.0,False,True,False,True,Default,Default,False,False,False,Default,Default,Default,Default,Default,Default,Default,Default,3,Default,1,Default,Default,Default,Default,Default,Default,16,3,512,1,350.74 ns,10.150 ns,0.556 ns,0.97,0.00,0 B,NA
DirectAvx2,ShortRun,False,Default,Default,Default,Default,Default,Default,111111111111,Empty,RyuJit,Default,X64,8c5e7fda-e8bf-4a96-9a85-a6e23a8c635c,.NET 10.0,False,True,False,True,Default,Default,False,False,False,Default,Default,Default,Default,Default,Default,Default,Default,3,Default,1,Default,Default,Default,Default,Default,Default,16,3,512,1,81.26 ns,2.615 ns,0.143 ns,0.22,0.00,0 B,NA
DirectAvx512,ShortRun,False,Default,Default,Default,Default,Default,Default,111111111111,Empty,RyuJit,Default,X64,8c5e7fda-e8bf-4a96-9a85-a6e23a8c635c,.NET 10.0,False,True,False,True,Default,Default,False,False,False,Default,Default,Default,Default,Default,Default,Default,Default,3,Default,1,Default,Default,Default,Default,Default,Default,16,3,512,1,58.82 ns,0.524 ns,0.029 ns,0.16,0.00,0 B,NA
FftwAndGather,ShortRun,False,Default,Default,Default,Default,Default,Default,111111111111,Empty,RyuJit,Default,X64,8c5e7fda-e8bf-4a96-9a85-a6e23a8c635c,.NET 10.0,False,True,False,True,Default,Default,False,False,False,Default,Default,Default,Default,Default,Default,Default,Default,3,Default,1,Default,Default,Default,Default,Default,Default,16,3,512,4,369.44 ns,24.613 ns,1.349 ns,1.00,0.00,0 B,NA
DirectScalar,ShortRun,False,Default,Default,Default,Default,Default,Default,111111111111,Empty,RyuJit,Default,X64,8c5e7fda-e8bf-4a96-9a85-a6e23a8c635c,.NET 10.0,False,True,False,True,Default,Default,False,False,False,Default,Default,Default,Default,Default,Default,Default,Default,3,Default,1,Default,Default,Default,Default,Default,Default,16,3,512,4,"1,431.68 ns",118.901 ns,6.517 ns,3.88,0.02,0 B,NA
DirectAvx2,ShortRun,False,Default,Default,Default,Default,Default,Default,111111111111,Empty,RyuJit,Default,X64,8c5e7fda-e8bf-4a96-9a85-a6e23a8c635c,.NET 10.0,False,True,False,True,Default,Default,False,False,False,Default,Default,Default,Default,Default,Default,Default,Default,3,Default,1,Default,Default,Default,Default,Default,Default,16,3,512,4,323.23 ns,8.214 ns,0.450 ns,0.87,0.00,0 B,NA
DirectAvx512,ShortRun,False,Default,Default,Default,Default,Default,Default,111111111111,Empty,RyuJit,Default,X64,8c5e7fda-e8bf-4a96-9a85-a6e23a8c635c,.NET 10.0,False,True,False,True,Default,Default,False,False,False,Default,Default,Default,Default,Default,Default,Default,Default,3,Default,1,Default,Default,Default,Default,Default,Default,16,3,512,4,233.81 ns,6.787 ns,0.372 ns,0.63,0.00,0 B,NA
FftwAndGather,ShortRun,False,Default,Default,Default,Default,Default,Default,111111111111,Empty,RyuJit,Default,X64,8c5e7fda-e8bf-4a96-9a85-a6e23a8c635c,.NET 10.0,False,True,False,True,Default,Default,False,False,False,Default,Default,Default,Default,Default,Default,Default,Default,3,Default,1,Default,Default,Default,Default,Default,Default,16,3,512,8,378.39 ns,10.668 ns,0.585 ns,1.00,0.00,0 B,NA
DirectScalar,ShortRun,False,Default,Default,Default,Default,Default,Default,111111111111,Empty,RyuJit,Default,X64,8c5e7fda-e8bf-4a96-9a85-a6e23a8c635c,.NET 10.0,False,True,False,True,Default,Default,False,False,False,Default,Default,Default,Default,Default,Default,Default,Default,3,Default,1,Default,Default,Default,Default,Default,Default,16,3,512,8,"2,800.27 ns",64.385 ns,3.529 ns,7.40,0.01,0 B,NA
DirectAvx2,ShortRun,False,Default,Default,Default,Default,Default,Default,111111111111,Empty,RyuJit,Default,X64,8c5e7fda-e8bf-4a96-9a85-a6e23a8c635c,.NET 10.0,False,True,False,True,Default,Default,False,False,False,Default,Default,Default,Default,Default,Default,Default,Default,3,Default,1,Default,Default,Default,Default,Default,Default,16,3,512,8,656.97 ns,85.544 ns,4.689 ns,1.74,0.01,0 B,NA
DirectAvx512,ShortRun,False,Default,Default,Default,Default,Default,Default,111111111111,Empty,RyuJit,Default,X64,8c5e7fda-e8bf-4a96-9a85-a6e23a8c635c,.NET 10.0,False,True,False,True,Default,Default,False,False,False,Default,Default,Default,Default,Default,Default,Default,Default,3,Default,1,Default,Default,Default,Default,Default,Default,16,3,512,8,460.38 ns,18.897 ns,1.036 ns,1.22,0.00,0 B,NA
